{"reviews":[
    {
		"name":"Evelyn H.",
		"review":"I love how Iconic Pictures works with you! The photographers are patient, outgoing, and extremely nice! I'd highly recommend using them!"
	},
	
	{
	    "name": "Jenn S.",
	    "review": "I was running late for my reservation once, and I called Iconic Pictures to let them know. When I finally arrived, they were able to fit me into a new time slot, even though they had many appointments at that time. They have great customer service!"
	},
	
	{
	    "name": "Robert C.",
	    "review": "I had Iconic Pictures do my wedding, and they did a beautiful job! My wife and I are very happy on how the pictures came out. Gorgeous pictures, for a great price!"
	},
	{
	    "name": "Caroline K.",
	    "review": "Iconic Pictures truly made my daughter's wedding the wedding of the year. The pictures are amazing and I'm so happy that everything was done so smoothly. It really helped with keeping the stress level of the wedding down."
	},
	{
	    "name": "Jeff T.",
	    "review": "I went to get a family portrait with my entire family, and the photographer was patient with all my children, even when the little ones were running wild. They really know how to work with children."
	},
	{
	    "name": "Richard B.",
	    "review": "Photo session and portrait selections were all done with ease. Love that I can get prints the same day!"
	},
	{
	    "name": "Molly J.",
	    "review": "My husband and I LOVE this place! The pictures come out so beautiful! And the staff is AMAZING! I can't remember the ladysl name who took our pictures, but I want her to take our pictures every time we go there! And this is our 2nd time going and we plan to frequently visit them for more pictures in the future!"
	},
	{
	    "name": "Zecharia L.",
	    "review": "I had Iconic Pictures do my son's Bar Mitzvah, and many of the guests came over to me asking about who the photographers were. When they heard that it was Iconic Pictures, they were surprised and pleased to learn that Iconic Pictures does appointments outside of their stuidos."
	}
]}